<?xml version="1.0" encoding="UTF-8" standalone="yes"?>
<addon id="service.subtitles.subscene2"
       name="Subscene.com v2.1.2"
       version="2.1.2"
       provider-name="Kodi Team">
    <requires>
        <!-- <import addon="xbmc.python" version="3.0.0"/> -->
        <import addon="script.module.six" />
        <import addon="script.module.kodi-six" />
        <import addon="script.module.requests" />
    </requires>
    <extension point="xbmc.subtitle.module"
               library="service.py"/>
    <extension point="xbmc.addon.metadata">
        <summary lang="en">Get subtitles from Subscene.com</summary>
        <description lang="en">Subscene Only Support Kodi 19.0 for Android</description>
        <disclaimer lang="en"/>
        <platform>all</platform>
        <language/>
        <license>GNU GENERAL PUBLIC LICENSE. Version 2, June 1991</license>
        <forum>http://forum.xbmc.org/showthread.php?tid=184854</forum>
        <website/>
        <email/>
        <source>https://github.com/LamBassVN/lambasskodi/raw/matrix/zips/service.subtitles.subscene2</source>
        <news>
[v2.1.2]:
  * Only Support Kodi 19.0 for Android
        </news>		
        <assets>
        <icon>icon.png</icon>
        </assets>		
    </extension>
</addon>
