<?xml version="1.0" encoding="UTF-8" standalone="yes"?>
<addon id="script.globalsearch" name="Global Search" version="9.0.8" provider-name="ronie">
	<requires>
		<import addon="xbmc.python" version="3.0.0"/>
	</requires>
	<extension point="xbmc.python.script" library="default.py"/>
	<extension point="xbmc.addon.metadata">
		<summary lang="en_GB">Search your library.</summary>
		<summary lang="vi_VN">Search your library.</summary>		
		<description lang="en_GB">This addon can find any item in your video and music library.</description>
		<description lang="vi_VN">This addon can find any item in your video and music library.</description>		
		<platform>all</platform>
		<license>GPL-2.0-only</license>
		<forum>https://forum.kodi.tv/showthread.php?tid=109301</forum>
		<source>https://gitlab.com/ronie/script.globalsearch/</source>
		<assets>
			<icon>icon.png</icon>
		</assets>
	</extension>
</addon>
